Timestamp,Open,Close,High,Low,Volume
2017-05-19 17:45:00,0.37999,0.37996,0.37999,0.37996,10019.128067
2017-05-19 18:00:00,0.37995,0.37992,0.37996,0.341,14822.48172546
2017-05-19 18:15:00,0.37992,0.37971,0.3799300000000001,0.37971,2049.3797712000005
2017-05-19 18:30:00,0.37968,0.37496,0.37995,0.345,22685.47523418
2017-05-19 18:45:00,0.37496,0.34494,0.37994,0.335,31362.42716656
2017-05-19 19:00:00,0.34494,0.35497,0.35497,0.34,108957.73655554
2017-05-19 19:15:00,0.35494,0.35393,0.355,0.35392,24094.358562859998
2017-05-19 19:30:00,0.35392,0.3537,0.355,0.338,254774.1023007
2017-05-19 19:45:00,0.35369,0.3448699999999999,0.35369,0.34,95641.64754247
2017-05-19 20:00:00,0.34484,0.335,0.34484,0.335,57857.21143204
2017-05-19 20:15:00,0.34068,0.33699,0.3435,0.33575,97673.2592406
2017-05-19 20:30:00,0.33698,0.33187,0.34078,0.33187,14175.38719108
2017-05-19 20:45:00,0.34159,0.3338,0.34159,0.32237,71822.10233696
2017-05-19 21:00:00,0.33381,0.33672,0.33912,0.33,43429.7625439
2017-05-19 21:15:00,0.33377,0.33,0.3365,0.33,61079.605049870006
2017-05-19 21:30:00,0.32667,0.32004,0.33201,0.32004,90244.92435006
2017-05-19 21:45:00,0.32,0.315,0.33,0.315,223819.00831603
2017-05-19 22:00:00,0.315,0.28501,0.315,0.285,176101.5008425
2017-05-19 22:15:00,0.3,0.31918,0.321,0.25,335437.439
2017-05-19 22:30:00,0.28737,0.31984,0.32149,0.28737,76273.19866749
2017-05-19 22:45:00,0.31892,0.318,0.33657,0.3178,73597.77800051999
2017-05-19 23:00:00,0.32992,0.32922,0.32992,0.31799,49077.25217902
2017-05-19 23:15:00,0.32894,0.32999,0.32999,0.32046,49904.1455736
2017-05-19 23:30:00,0.32964,0.3141,0.32998,0.3141,47925.47259446
2017-05-19 23:45:00,0.31411,0.32498,0.325,0.313,98108.22463551
2017-05-20 00:00:00,0.32499,0.32428,0.32499,0.31807,19613.00596211
2017-05-20 00:15:00,0.321,0.3234,0.32388,0.31701,34609.08761704
2017-05-20 00:30:00,0.32,0.31985,0.32261,0.3127,135983.35201204
2017-05-20 00:45:00,0.3299,0.3183,0.3299,0.3171,7282.83055507
2017-05-20 01:00:00,0.3201,0.3252,0.3254,0.315,101753.91383081001
2017-05-20 01:15:00,0.3252,0.3058,0.3252,0.3058,185908.40143693
2017-05-20 01:30:00,0.3055,0.313,0.3137,0.29652,20481.372142120003
2017-05-20 01:45:00,0.31,0.311,0.3119,0.30421,1039.98115728
2017-05-20 02:00:00,0.3013,0.304,0.30589,0.30121,6518.75780482
2017-05-20 02:15:00,0.3,0.299,0.3113,0.2911,43029.246266149996
2017-05-20 02:30:00,0.299,0.301,0.3029,0.299,25481.0
2017-05-20 02:45:00,0.30096,0.305,0.305,0.3009,3988.6460349900003
2017-05-20 03:00:00,0.305,0.30133,0.305,0.301,57205.317122
2017-05-20 03:15:00,0.301,0.3066,0.3066,0.301,1334.85019997
2017-05-20 03:30:00,0.3087,0.31249,0.31249,0.3086,5380.96775009
2017-05-20 03:45:00,0.3125,0.31284,0.31284,0.305,3979.45497014
2017-05-20 04:00:00,0.3126,0.31427,0.3145,0.31,67748.94286369
2017-05-20 04:15:00,0.31426,0.32499,0.32499,0.31426,47936.56332625
2017-05-20 04:30:00,0.32499,0.3246,0.3299,0.3229999999999999,87702.49481345
2017-05-20 04:45:00,0.32013,0.325,0.3273,0.32,59939.96999959
2017-05-20 05:00:00,0.32498,0.31002,0.32729,0.31002,27648.00761941
2017-05-20 05:15:00,0.31848,0.318,0.3185,0.318,21291.462779
2017-05-20 05:30:00,0.31999,0.3214,0.32309,0.31852,11707.4086921
2017-05-20 05:45:00,0.32139,0.32088,0.32139,0.31929,14114.416142279999
2017-05-20 06:00:00,0.3204,0.318,0.3204,0.31732,3093.7792424099994
2017-05-20 06:15:00,0.31949,0.31938,0.31949,0.318,16696.556546069998
2017-05-20 06:30:00,0.32015,0.3204,0.32299,0.32015,3577.16579411
2017-05-20 06:45:00,0.32288,0.3229999999999999,0.3229999999999999,0.32258,5070.05620029
2017-05-20 07:00:00,0.3229999999999999,0.32725,0.32757,0.3229999999999999,7953.20731319
2017-05-20 07:15:00,0.32887,0.32258,0.32887,0.32258,1869.38239309
2017-05-20 07:30:00,0.32457,0.32348,0.32458,0.32111,15643.6663964
2017-05-20 07:45:00,0.32525,0.32542,0.32542,0.32525,889.95229275
2017-05-20 08:00:00,0.32685,0.32085,0.32686,0.3195,90043.89888219
2017-05-20 08:15:00,0.32379,0.32,0.3238,0.32,13983.2249681
2017-05-20 08:30:00,0.32599,0.32584,0.32599,0.32014,147935.53710026
2017-05-20 08:45:00,0.32599,0.32628,0.32635,0.32178,94874.66817939
2017-05-20 09:00:00,0.32588,0.32995,0.32995,0.324,295430.28696278
2017-05-20 09:15:00,0.32999,0.33,0.33,0.32999,2990.28592716
2017-05-20 09:30:00,0.33,0.335,0.335,0.3299,21461.51181312
2017-05-20 09:45:00,0.33657,0.34347,0.34959,0.3365,59996.56120285
2017-05-20 10:00:00,0.33955,0.3499,0.34994,0.33955,6500.60241588
2017-05-20 10:15:00,0.34998,0.3499,0.35,0.34606,165467.18441974
2017-05-20 10:30:00,0.34606,0.347,0.35078,0.346,16858.427708400002
2017-05-20 10:45:00,0.34979,0.35378,0.35378,0.34816,1224.37
2017-05-20 11:00:00,0.35378,0.36,0.36,0.35289,59876.012777740005
2017-05-20 11:15:00,0.3643,0.36549,0.3699,0.3583,89687.62117197001
2017-05-20 11:30:00,0.36,0.34835,0.3653,0.34835,20561.61315629
2017-05-20 11:45:00,0.364,0.35538,0.364,0.35538,2103.06002515
2017-05-20 12:00:00,0.35401,0.35759,0.36059,0.35401,6273.073806259999
2017-05-20 12:15:00,0.35699,0.3529,0.35889,0.3492,24563.371412970002
2017-05-20 12:30:00,0.3571,0.35639,0.3583,0.355,20191.3636
2017-05-20 12:45:00,0.35819,0.35779,0.3592,0.35527,22383.810373120003
2017-05-20 13:00:00,0.35671,0.35814,0.36,0.35341,176348.84191708002
2017-05-20 13:15:00,0.35831,0.3572,0.36019,0.3572,5312.63391011
2017-05-20 13:30:00,0.35988,0.3604,0.3604,0.35804,17105.73191465
2017-05-20 13:45:00,0.3625,0.36203,0.36438,0.36177,47692.15786838
2017-05-20 14:00:00,0.365,0.36947,0.37199,0.365,102392.60595947
2017-05-20 14:15:00,0.36928,0.35653,0.36928,0.3556,25429.52613083
2017-05-20 14:30:00,0.36024,0.36189,0.36289,0.3582,1659.54556663
2017-05-20 14:45:00,0.36189,0.35636,0.36208,0.35636,16364.06007821
2017-05-20 15:00:00,0.36279,0.354,0.36279,0.354,30444.71678733
2017-05-20 15:15:00,0.35401,0.347,0.35646,0.34661,27548.89964119
2017-05-20 15:30:00,0.34662,0.3487,0.356,0.3389,83164.10644613
2017-05-20 15:45:00,0.34937,0.35024,0.35248,0.347,23301.43633707
2017-05-20 16:00:00,0.3515,0.35549,0.35549,0.3515,1383.71911563
2017-05-20 16:15:00,0.3541,0.35,0.35439,0.35,59148.83139867
2017-05-20 16:30:00,0.35296,0.3474,0.35447,0.3472,69359.41604716
2017-05-20 16:45:00,0.34687,0.34133,0.34909,0.3413,19494.06817041
2017-05-20 17:00:00,0.3414,0.34848,0.34854,0.34128,2899.26141869
2017-05-20 17:15:00,0.34778,0.34135,0.34855,0.34,19083.924278180002
2017-05-20 17:30:00,0.3391,0.35096,0.35098,0.33907,54003.712660820005
2017-05-20 17:45:00,0.35099,0.34864,0.35099,0.34245,36389.91900287
2017-05-20 18:00:00,0.34729,0.34744,0.34746,0.343,9455.88887426
2017-05-20 18:15:00,0.34743,0.34371,0.34747,0.34155,5960.92881886
2017-05-20 18:30:00,0.35045,0.3498,0.35125,0.34824,33447.857072729996
2017-05-20 18:45:00,0.35,0.35023,0.3536,0.34989,8126.98715203
2017-05-20 19:00:00,0.34989,0.3498,0.35177,0.34978,39819.69950663
2017-05-20 19:15:00,0.34989,0.35038,0.35038,0.34552,4255.99564005
2017-05-20 19:30:00,0.35108,0.3588,0.35883,0.35108,8740.13409456
2017-05-20 19:45:00,0.3588,0.36247,0.36249,0.3588,46723.34481753
2017-05-20 20:00:00,0.36229,0.3685,0.3685,0.36,24589.9255421
2017-05-20 20:15:00,0.3685,0.36157,0.36999,0.36157,19326.02531589
2017-05-20 20:30:00,0.3601,0.36384,0.36469,0.35843,8752.86723648
2017-05-20 20:45:00,0.36179,0.3647,0.3647,0.36022,34320.47959346
2017-05-20 21:00:00,0.3612,0.36279,0.36449,0.3612,1685.0
2017-05-20 21:15:00,0.36188,0.35959,0.36188,0.35613,22551.8422087
2017-05-20 21:30:00,0.35959,0.362,0.362,0.35501,19379.54498274
2017-05-20 21:45:00,0.36179,0.356,0.36179,0.356,3797.58274947
2017-05-20 22:00:00,0.35845,0.35845,0.35845,0.35582,14462.965453
2017-05-20 22:15:00,0.36199,0.362,0.362,0.36199,3243.3491310100003
2017-05-20 22:30:00,0.361,0.36309,0.36334,0.36,5690.4175913
2017-05-20 22:45:00,0.36,0.3468,0.36,0.34501,194235.31898215
2017-05-20 23:00:00,0.34689,0.34711,0.3499,0.34689,18640.15727225
2017-05-20 23:15:00,0.34927,0.35519,0.3574,0.34927,31796.12085495
2017-05-20 23:30:00,0.35095,0.35068,0.35095,0.34716,5745.629330649999
2017-05-20 23:45:00,0.35,0.34716,0.35189,0.34716,16718.24885303
2017-05-21 00:00:00,0.347,0.349,0.349,0.34602,8144.292127
2017-05-21 00:15:00,0.349,0.346,0.35371,0.346,1577.66249418
2017-05-21 00:30:00,0.3488,0.34945,0.34978,0.3488,12039.99463499
2017-05-21 00:45:00,0.3455,0.3492,0.34967,0.3455,11012.42209
2017-05-21 01:00:00,0.3455,0.3489,0.3489,0.3435,6739.253991189999
2017-05-21 01:15:00,0.349,0.34925,0.34925,0.345,694.9978294
2017-05-21 01:30:00,0.34508,0.35477,0.35477,0.34508,2372.82089752
2017-05-21 01:45:00,0.354,0.35537,0.35677,0.354,4493.435262360001
2017-05-21 02:00:00,0.35479,0.35479,0.35479,0.35479,38.12399281
2017-05-21 02:15:00,0.34985,0.3551,0.35535,0.34985,19056.50004739
2017-05-21 02:30:00,0.3551,0.36,0.36138,0.3551,16681.211017679998
2017-05-21 02:45:00,0.35829,0.355,0.35829,0.353,341.64560185
2017-05-21 03:00:00,0.354,0.356,0.35648,0.354,10076.109244129999
2017-05-21 03:15:00,0.352,0.35339,0.355,0.35,6676.14100269
2017-05-21 03:30:00,0.353,0.353,0.353,0.353,30.03003003
2017-05-21 03:45:00,0.353,0.357,0.357,0.3504,19939.75117017
2017-05-21 04:00:00,0.35628,0.35628,0.35628,0.35628,700.0
2017-05-21 04:15:00,0.357,0.355,0.35768,0.35242,24626.6756287
2017-05-21 04:30:00,0.35241,0.355,0.355,0.35241,10845.815122520002
2017-05-21 04:45:00,0.355,0.35798,0.35798,0.355,4261.1464246
2017-05-21 05:00:00,0.35738,0.357,0.36998,0.357,192016.9025049
2017-05-21 05:15:00,0.35993,0.35988,0.35993,0.35988,417.1346869
2017-05-21 05:30:00,0.36099,0.36487,0.36532,0.36099,54333.173958240004
2017-05-21 05:45:00,0.36484,0.36699,0.36818,0.3638,22524.06476419
2017-05-21 06:00:00,0.361,0.361,0.361,0.361,1.1840000000000002
2017-05-21 06:15:00,0.36209,0.36202,0.36209,0.36202,125458.98464528001
2017-05-21 06:30:00,0.36202,0.36368,0.36599,0.36202,405.0
2017-05-21 06:45:00,0.36,0.3585,0.3602,0.3585,8150.25998011
2017-05-21 07:00:00,0.36397,0.36459,0.36589,0.36397,18650.82820614
2017-05-21 07:15:00,0.36699,0.36618,0.36699,0.36618,3566.81169
2017-05-21 07:30:00,0.365,0.35998,0.3657,0.3599,50341.97899
2017-05-21 07:45:00,0.3599,0.3515,0.3599,0.3515,43891.92867349
2017-05-21 08:00:00,0.355,0.35329,0.3562,0.3512,10701.25803617
2017-05-21 08:15:00,0.3501,0.35459,0.35486,0.3501,6182.27498437
2017-05-21 08:30:00,0.35458,0.35448,0.35458,0.3491,68686.54192615
2017-05-21 08:45:00,0.35143,0.35774,0.35774,0.35143,13754.90324734
2017-05-21 09:00:00,0.35761,0.35619,0.35761,0.35143,31146.17547274
2017-05-21 09:15:00,0.35476,0.35628,0.35628,0.353,3544.45
2017-05-21 09:30:00,0.35618,0.35146,0.35618,0.35146,372.64968041
2017-05-21 09:45:00,0.35278,0.35099,0.35278,0.349,54169.700104890006
2017-05-21 10:00:00,0.349,0.3485,0.35137,0.34738,36944.45274943
2017-05-21 10:15:00,0.3485,0.35469,0.35469,0.3457,44817.580797489994
2017-05-21 10:30:00,0.3548,0.35559,0.35559,0.35005,10804.0933059
2017-05-21 10:45:00,0.35549,0.35,0.35549,0.35,29719.3719575
2017-05-21 11:00:00,0.35,0.34809,0.35,0.345,82598.65200426
2017-05-21 11:15:00,0.34809,0.34768,0.34809,0.343,42921.90573363
2017-05-21 11:30:00,0.34759,0.3462,0.35109,0.34302,50234.19992925
2017-05-21 11:45:00,0.34302,0.34489,0.3449,0.342,81395.31089653
2017-05-21 12:00:00,0.343,0.342,0.34419,0.342,67853.06668418
2017-05-21 12:15:00,0.3418,0.3367,0.3467,0.33388,214332.69217632
2017-05-21 12:30:00,0.33662,0.34784,0.3541,0.3345,152371.93434649
2017-05-21 12:45:00,0.34816,0.341,0.3494,0.34,51702.67841397
2017-05-21 13:00:00,0.341,0.338,0.34388,0.338,34467.60554189
2017-05-21 13:15:00,0.3429,0.34259,0.34569,0.3367,12904.37445842
2017-05-21 13:30:00,0.34159,0.34578,0.34579,0.3376,3602.1190276099996
2017-05-21 13:45:00,0.34529,0.3422,0.34529,0.3422,1250.0
2017-05-21 14:00:00,0.34123,0.34,0.34531,0.34,1253.34550736
2017-05-21 14:15:00,0.34021,0.33697,0.34369,0.33697,39954.62872211
2017-05-21 14:30:00,0.33868,0.33989,0.33989,0.3358,1611.32930462
2017-05-21 14:45:00,0.34169,0.335,0.34169,0.335,8323.08315099
2017-05-21 15:00:00,0.3393,0.33126,0.3399,0.33126,32535.63462312
2017-05-21 15:15:00,0.33589,0.33545,0.34319,0.33261,4473.30810732
2017-05-21 15:45:00,0.337,0.33599,0.3379,0.33545,4256.02853964
2017-05-21 16:00:00,0.335,0.3322,0.3381,0.3317,23267.41941487
2017-05-21 16:15:00,0.3342,0.3316,0.3342,0.331,5087.006836369999
2017-05-21 16:30:00,0.331,0.32999,0.331,0.328,37211.8590579
2017-05-21 16:45:00,0.32999,0.33,0.33,0.32501,25656.696472270003
2017-05-21 17:00:00,0.32715,0.32749,0.33009,0.326,23002.23694106
2017-05-21 17:15:00,0.326,0.32501,0.326,0.32501,12046.263429999999
2017-05-21 17:30:00,0.32779,0.32515,0.33012,0.32363,21332.80466641
2017-05-21 17:45:00,0.32236,0.325,0.325,0.32102,4719.52002565
2017-05-21 18:00:00,0.328,0.33559,0.33559,0.328,9533.467854139999
2017-05-21 18:15:00,0.33559,0.33809,0.34038,0.3355,14776.456776179999
2017-05-21 18:30:00,0.33798,0.3278,0.3389,0.3278,10856.38768566
2017-05-21 18:45:00,0.3337,0.33608,0.33689,0.33259,1298.05008572
2017-05-21 19:00:00,0.33309,0.33339,0.33391,0.3272,10073.95302996
2017-05-21 19:15:00,0.3296,0.332,0.3368,0.3231,4421.03926123
2017-05-21 19:30:00,0.332,0.327,0.3348,0.327,6179.56961369
2017-05-21 19:45:00,0.33,0.33673,0.33673,0.32802,50864.03702496
2017-05-21 20:00:00,0.33666,0.32989,0.34369,0.3285,55462.95619356
2017-05-21 20:15:00,0.3298,0.32967,0.3314,0.326,231087.18891459002
2017-05-21 20:30:00,0.32872,0.33048,0.33049,0.327,32132.6542
2017-05-21 20:45:00,0.3304,0.3314,0.3314,0.32953,6877.48982163
2017-05-21 21:00:00,0.327,0.3265,0.327,0.3265,101.425
2017-05-21 21:15:00,0.32945,0.329,0.33118,0.325,25709.03060491
2017-05-21 21:30:00,0.32593,0.32593,0.32593,0.32593,1193.0941
2017-05-21 21:45:00,0.32928,0.32576,0.32928,0.32573,28128.95177621
2017-05-21 22:00:00,0.33068,0.32909,0.33068,0.32778,5381.425253
2017-05-21 22:15:00,0.33232,0.334,0.334,0.33232,9483.99635132
2017-05-21 22:30:00,0.33492,0.33296,0.3354,0.33296,8975.081174230003
2017-05-21 22:45:00,0.33698,0.33345,0.33698,0.33001,14251.95813724
2017-05-21 23:00:00,0.33208,0.33208,0.33208,0.33208,62.536498
2017-05-21 23:15:00,0.33201,0.33065,0.33201,0.33,3602.666773470001
2017-05-21 23:30:00,0.3283,0.3283,0.3283,0.3283,7065.556670000001
2017-05-21 23:45:00,0.33024,0.328,0.33359,0.327,28972.365718260004
2017-05-22 00:00:00,0.327,0.32779,0.33074,0.32553,7023.51501143
2017-05-22 00:15:00,0.3252,0.32603,0.32603,0.3219,46004.190357390005
2017-05-22 00:30:00,0.32594,0.32329,0.32594,0.3211,59350.42296287
2017-05-22 00:45:00,0.3213,0.3265,0.3265,0.32039,47055.41034782
2017-05-22 01:00:00,0.329,0.33115,0.3349,0.32431,62174.97088336
2017-05-22 01:15:00,0.33067,0.33379,0.33388,0.32963,3768.7627417900003
2017-05-22 01:30:00,0.33225,0.33329,0.3349,0.33157,80497.98633261
2017-05-22 01:45:00,0.33307,0.33086,0.33307,0.33086,1139.3356493400001
2017-05-22 02:00:00,0.33117,0.32711,0.3329,0.32711,8265.398737529998
2017-05-22 02:15:00,0.3243,0.32037,0.33228,0.32004,87625.82110339
2017-05-22 02:30:00,0.3236,0.3279,0.32839,0.32,47864.31694977
2017-05-22 02:45:00,0.3201,0.32474,0.32659,0.3201,8650.32683718
2017-05-22 03:00:00,0.3201,0.3198,0.3238,0.31508,40865.71269561
2017-05-22 03:15:00,0.3228,0.3162,0.3229999999999999,0.3155,131353.76817529
2017-05-22 03:30:00,0.3163,0.32086,0.3229,0.3163,8377.9712893
2017-05-22 03:45:00,0.3221,0.3224,0.3224,0.319,51230.42515151
2017-05-22 04:00:00,0.31999,0.3192,0.32,0.3192,8408.198632699998
2017-05-22 04:15:00,0.3192,0.321,0.321,0.31641,33604.73823282
2017-05-22 04:30:00,0.3215,0.329,0.3358,0.3215,34785.77695387
2017-05-22 04:45:00,0.329,0.3264,0.329,0.322,53608.93657079999
2017-05-22 05:00:00,0.324,0.322,0.324,0.322,23520.01775415
2017-05-22 05:15:00,0.32117,0.32008,0.32372,0.32007,1850.47845839
2017-05-22 05:30:00,0.3244,0.32462,0.32462,0.3239,11313.59316881
2017-05-22 05:45:00,0.3246,0.3246,0.3246,0.3161,74122.07760249001
2017-05-22 06:00:00,0.3246,0.32399,0.32462,0.32076,2280.24343651
2017-05-22 06:15:00,0.31761,0.31101,0.31966,0.311,40810.973569530004
2017-05-22 06:30:00,0.31099,0.30322,0.31605,0.30322,60975.4995144
2017-05-22 06:45:00,0.303,0.31305,0.31324,0.303,118812.55640357001
2017-05-22 07:00:00,0.30812,0.30812,0.31429,0.30253,20423.16788709
2017-05-22 07:15:00,0.31064,0.29864,0.31064,0.29864,153425.12665153
2017-05-22 07:30:00,0.29777,0.29876,0.29896,0.28861,395962.94314855
2017-05-22 07:45:00,0.29846,0.297,0.29896,0.297,79693.28500571
2017-05-22 08:00:00,0.29831,0.29194,0.29831,0.29,16966.92623506
2017-05-22 08:15:00,0.29194,0.28229,0.292,0.28229,97909.55877427
2017-05-22 08:30:00,0.28241,0.27376,0.2854,0.27001,184682.11618820002
2017-05-22 08:45:00,0.27294,0.28525,0.28525,0.25,502084.45635891
2017-05-22 09:00:00,0.28521,0.29888,0.30997,0.28516,160135.30072914
2017-05-22 09:15:00,0.29589,0.27184,0.29882,0.27101,184654.19786004
2017-05-22 09:30:00,0.275,0.29559,0.29564,0.2691,121950.43109787999
2017-05-22 09:45:00,0.28812,0.29832,0.29877,0.28621,48954.558774289995
2017-05-22 10:00:00,0.29766,0.28934,0.29768,0.2861,36395.91079691
2017-05-22 10:15:00,0.28933,0.29799,0.29845,0.28928,21712.979549239997
2017-05-22 10:30:00,0.29586,0.29561,0.29959,0.29294,54695.26392684
2017-05-22 10:45:00,0.29878,0.3115,0.3115,0.29878,48613.05755565
2017-05-22 11:00:00,0.315,0.31716,0.32111,0.31406,30527.54942601
2017-05-22 11:15:00,0.3153,0.324,0.32999,0.3153,116655.11347498001
2017-05-22 11:30:00,0.32309,0.32603,0.32801,0.31505,130919.11772455
2017-05-22 11:45:00,0.32599,0.3229999999999999,0.32599,0.32003,41608.71733483
2017-05-22 12:00:00,0.32344,0.31795,0.32448,0.3112,125824.37673713
2017-05-22 12:15:00,0.3265,0.32685,0.32685,0.3265,170.0
2017-05-22 12:30:00,0.31968,0.31125,0.32034,0.3112,84008.26099718001
2017-05-22 12:45:00,0.31121,0.30746,0.31121,0.301,138716.69360338998
2017-05-22 13:00:00,0.30746,0.29787,0.3107,0.29787,111896.33754814
2017-05-22 13:15:00,0.29728,0.29272,0.29835,0.2861,85816.81592382
2017-05-22 13:30:00,0.293,0.30121,0.30779,0.28913,102186.90116669
2017-05-22 13:45:00,0.30092,0.29272,0.3075,0.28965,30216.42080953
2017-05-22 14:00:00,0.29021,0.28001,0.29512,0.28,119160.36265821001
2017-05-22 14:15:00,0.27716,0.29272,0.30472,0.27501,235716.72592175
2017-05-22 14:30:00,0.29565,0.30898,0.30914,0.29565,201757.35103833
2017-05-22 14:45:00,0.30896,0.31999,0.32,0.302,103271.41821719
2017-05-22 15:00:00,0.31029,0.30462,0.32196,0.29935,107770.39122678
2017-05-22 15:15:00,0.30451,0.31915,0.31915,0.29595,41483.38440662
2017-05-22 15:30:00,0.31739,0.30094,0.31739,0.29568,26185.34993383
2017-05-22 15:45:00,0.30094,0.3009,0.30094,0.29603,14333.00349231
2017-05-22 16:00:00,0.30464,0.30308,0.30464,0.29687,22953.40758321
2017-05-22 16:15:00,0.2969,0.302,0.30261,0.2962,88359.66438655
2017-05-22 16:30:00,0.30474,0.31498,0.315,0.30473,28206.44263743
2017-05-22 16:45:00,0.31198,0.31768,0.31768,0.30235,33437.37223435
2017-05-22 17:00:00,0.315,0.31019,0.315,0.30765,26361.95818057
2017-05-22 17:15:00,0.31026,0.3137,0.315,0.31,60794.00320145
2017-05-22 17:30:00,0.313,0.32572,0.3265,0.31102,275097.96222377
2017-05-22 17:45:00,0.3251,0.31363,0.3251,0.30605,98353.32960052
2017-05-22 18:00:00,0.3115,0.30001,0.31299,0.30001,40438.04034649
2017-05-22 18:15:00,0.3048,0.30398,0.30496,0.29977,33971.1046735
2017-05-22 18:30:00,0.3001,0.30325,0.30325,0.29627,22790.53873228
2017-05-22 18:45:00,0.29874,0.30696,0.30698,0.29621,25429.08260097
2017-05-22 19:00:00,0.30695,0.3054,0.31,0.305,43278.95793314
2017-05-22 19:15:00,0.30191,0.30013,0.30524,0.30003,15599.83153155
2017-05-22 19:30:00,0.30018,0.304,0.304,0.3,5901.74935
2017-05-22 19:45:00,0.30525,0.29699,0.30528,0.29699,9537.370163399999
2017-05-22 20:00:00,0.30461,0.2976,0.30491,0.29705,12012.6594255
2017-05-22 20:15:00,0.29771,0.29199,0.30303,0.29199,70341.47064707
2017-05-22 20:30:00,0.29487,0.29196,0.29879,0.29125,14104.206244710002
2017-05-22 20:45:00,0.29592,0.29718,0.29963,0.29278,36248.89697581
2017-05-22 21:00:00,0.29,0.29,0.29627,0.28228,39432.86137059
2017-05-22 21:15:00,0.28595,0.28619,0.28992,0.285,9553.6606388
2017-05-22 21:30:00,0.29091,0.29091,0.29091,0.29091,252.2335645
2017-05-22 21:45:00,0.29103,0.29599,0.29599,0.29,27612.27245556
2017-05-22 22:00:00,0.29095,0.29156,0.29856,0.29027,25987.67163171
2017-05-22 22:15:00,0.29749,0.29168,0.29749,0.29116,37436.23719152
2017-05-22 22:30:00,0.29184,0.29022,0.29184,0.28059,30321.26860426
2017-05-22 22:45:00,0.28974,0.28586,0.28976,0.28,78503.947674
2017-05-22 23:00:00,0.28001,0.29751,0.29751,0.28001,44972.84829768
2017-05-22 23:15:00,0.29471,0.30649,0.30649,0.29323,8855.86699045
2017-05-22 23:30:00,0.30647,0.29611,0.3094,0.29611,56237.98029599
2017-05-22 23:45:00,0.3,0.29717,0.30335,0.29717,20739.344336309998
2017-05-23 00:00:00,0.29912,0.29,0.29912,0.29,10563.2338049
2017-05-23 00:15:00,0.29599,0.29582,0.296,0.29582,2910.5058510000013
2017-05-23 00:30:00,0.295,0.29322,0.295,0.29322,180.20367323
2017-05-23 00:45:00,0.29303,0.29165,0.29303,0.29165,215.23867914
2017-05-23 01:00:00,0.29346,0.29209,0.29346,0.29209,2111.378145
2017-05-23 01:15:00,0.29532,0.29056,0.29611,0.29056,21688.55880356
2017-05-23 01:30:00,0.29055,0.28722,0.29055,0.28722,3058.99
2017-05-23 01:45:00,0.29,0.28793,0.29,0.28793,5099.98130337
2017-05-23 02:00:00,0.29219,0.28897,0.29219,0.2877,1041.5393125099997
2017-05-23 02:15:00,0.28722,0.28073,0.29061,0.28063,6065.77080577
2017-05-23 02:30:00,0.28835,0.28727,0.28835,0.28727,12.82770064
2017-05-23 02:45:00,0.28964,0.28156,0.28964,0.28156,5100.92335353
2017-05-23 03:00:00,0.28998,0.29042,0.29059,0.2898,841.5437617199999
2017-05-23 03:15:00,0.29064,0.29113,0.29113,0.29064,6509.39041404
2017-05-23 03:30:00,0.29113,0.29611,0.29611,0.29113,14876.79426176
2017-05-23 03:45:00,0.298,0.293,0.30048,0.293,11913.37649888
2017-05-23 04:00:00,0.29117,0.29366,0.29499,0.29117,1146.04057915
2017-05-23 04:15:00,0.29115,0.29066,0.29164,0.29066,13697.15869049
2017-05-23 04:30:00,0.29091,0.28988,0.29091,0.2815,87968.14337087
2017-05-23 04:45:00,0.28919,0.28959,0.28959,0.28301,29015.01182783
2017-05-23 05:00:00,0.28878,0.2888,0.29102,0.28878,13581.156458
2017-05-23 05:15:00,0.28986,0.29081,0.2911,0.28985,12833.37151448
2017-05-23 05:30:00,0.29049,0.2918,0.2918,0.28801,21572.04445982
2017-05-23 05:45:00,0.2918,0.29286,0.29528,0.2918,16733.13240457
2017-05-23 06:00:00,0.2884,0.28437,0.2884,0.2842,85569.24046704
2017-05-23 06:15:00,0.28997,0.286,0.28997,0.286,2980.66483996
2017-05-23 06:30:00,0.2872,0.29051,0.29051,0.28536,8553.64287849
2017-05-23 06:45:00,0.2894,0.29,0.29,0.285,3140.26215489
2017-05-23 07:00:00,0.29042,0.29,0.29042,0.29,1896.24021933
2017-05-23 07:15:00,0.29113,0.29113,0.29113,0.29,7686.49556672
2017-05-23 07:30:00,0.29113,0.29302,0.29445,0.29113,16337.461712339998
2017-05-23 07:45:00,0.29333,0.29001,0.2935,0.29001,58709.90772184
2017-05-23 08:00:00,0.29424,0.29429,0.2945,0.29424,3048.20460879
2017-05-23 08:15:00,0.29582,0.30945,0.30945,0.29503,50159.805761619995
2017-05-23 08:30:00,0.30945,0.3054,0.313,0.3054,180869.55236623
2017-05-23 08:45:00,0.30819,0.30723,0.30819,0.30124,16898.942590270002
2017-05-23 09:00:00,0.30763,0.3012,0.30763,0.30105,38785.49116378
2017-05-23 09:15:00,0.301,0.30026,0.301,0.3,3029.29691903
2017-05-23 09:30:00,0.3026,0.29994,0.3026,0.29435,40267.82837096001
2017-05-23 09:45:00,0.2999,0.30124,0.30124,0.29989,5239.79852142
2017-05-23 10:00:00,0.3,0.30537,0.30537,0.3,7260.383559849999
2017-05-23 10:15:00,0.30535,0.304,0.30538,0.304,14514.313426269999
2017-05-23 10:30:00,0.30511,0.308,0.30801,0.30503,33120.8554369
2017-05-23 10:45:00,0.30812,0.31553,0.31553,0.30812,114481.98026023
2017-05-23 11:00:00,0.31003,0.3058,0.31003,0.302,41559.133134610005
2017-05-23 11:15:00,0.3057,0.30818,0.30818,0.30531,2234.8447945099997
2017-05-23 11:30:00,0.30778,0.30647,0.30778,0.30454,6617.08526994
2017-05-23 11:45:00,0.30647,0.30569,0.30708,0.30357,18886.547979529998
2017-05-23 12:00:00,0.3074,0.304,0.3074,0.30365,16517.485229489997
2017-05-23 12:15:00,0.30413,0.30706,0.30706,0.30413,4719.99104057
2017-05-23 12:30:00,0.30477,0.3088,0.3088,0.30477,4506.6859042
2017-05-23 12:45:00,0.3088,0.315,0.315,0.3088,64166.56133068
2017-05-23 13:00:00,0.315,0.32978,0.32978,0.315,243063.2900319
2017-05-23 13:15:00,0.32808,0.3347,0.338,0.3222,152569.08596911002
2017-05-23 13:30:00,0.33459,0.33999,0.34182,0.334,94979.40568835
2017-05-23 13:45:00,0.33915,0.33533,0.3398,0.33009,121892.22334397
2017-05-23 14:00:00,0.33506,0.34766,0.34981,0.33506,179148.12037251
2017-05-23 14:15:00,0.3477,0.347,0.34991,0.3449,23011.96930423
2017-05-23 14:30:00,0.34525,0.33922,0.34899,0.33501,65769.15084985999
2017-05-23 14:45:00,0.34601,0.34493,0.34601,0.33703,42474.47166796
2017-05-23 15:00:00,0.34474,0.33751,0.34474,0.33557,96759.57602022
2017-05-23 15:15:00,0.3438,0.33023,0.34697,0.32804,185494.09168032
2017-05-23 15:30:00,0.34681,0.34355,0.34681,0.33192,9692.164671769999
2017-05-23 15:45:00,0.335,0.32301,0.335,0.32301,138829.12952854
2017-05-23 16:00:00,0.33,0.33,0.33884,0.33,14301.92248008
2017-05-23 16:15:00,0.33571,0.33077,0.33571,0.326,12493.6691529
2017-05-23 16:30:00,0.33,0.33187,0.33205,0.32999,67186.95643911
2017-05-23 16:45:00,0.33054,0.32823,0.33054,0.326,4802.222734
2017-05-23 17:00:00,0.32481,0.32481,0.32481,0.32481,8.31994734
2017-05-23 17:15:00,0.33092,0.3249,0.33092,0.3249,59949.288155810005
2017-05-23 17:30:00,0.3257,0.32919,0.3294,0.3247,4898.2215489
2017-05-23 17:45:00,0.32919,0.33483,0.33891,0.32536,64703.62489192001
2017-05-23 18:00:00,0.33699,0.33473,0.33699,0.32802,204.11111308000002
2017-05-23 18:15:00,0.33418,0.328,0.335,0.328,18870.84528044
2017-05-23 18:30:00,0.33603,0.33078,0.33603,0.32602,16181.53695526
2017-05-23 18:45:00,0.33058,0.331,0.33101,0.32501,80097.08428003
2017-05-23 19:00:00,0.32997,0.33228,0.33469,0.327,4325.93102061
2017-05-23 19:15:00,0.327,0.33056,0.33192,0.324,77695.49476943
2017-05-23 19:30:00,0.32919,0.32892,0.32919,0.3235,5166.50625704
2017-05-23 19:45:00,0.32868,0.3188,0.32868,0.3188,58296.11674818
2017-05-23 20:00:00,0.32054,0.33188,0.33188,0.32044,51238.27461832001
2017-05-23 20:15:00,0.3319,0.32793,0.33589,0.32091,34275.410704070004
2017-05-23 20:30:00,0.32745,0.32572,0.32745,0.32101,18450.65163653
2017-05-23 20:45:00,0.32575,0.33069,0.33387,0.32395,8558.8421034
2017-05-23 21:00:00,0.32991,0.32991,0.33093,0.32991,3668.6157216400006
2017-05-23 21:15:00,0.33006,0.33009,0.33009,0.32494,13227.37336312
2017-05-23 21:30:00,0.32973,0.32827,0.32974,0.32508,2313.25440914
2017-05-23 21:45:00,0.329,0.32869,0.329,0.32869,4709.3578909
2017-05-23 22:00:00,0.324,0.321,0.324,0.321,5063.66075912
2017-05-23 22:15:00,0.326,0.32387,0.326,0.32332,1008.51912932
2017-05-23 22:30:00,0.32832,0.32832,0.32832,0.32832,177.17
2017-05-23 22:45:00,0.32684,0.3209,0.32684,0.3209,954.80564874
2017-05-23 23:00:00,0.32807,0.32806,0.32808,0.32806,13939.3851587
2017-05-23 23:15:00,0.32735,0.32678,0.32735,0.32678,33000.0
2017-05-23 23:30:00,0.32588,0.32408,0.32588,0.3207,47197.28988225
2017-05-23 23:45:00,0.32014,0.32158,0.3235,0.31625,34083.31730721
2017-05-24 00:00:00,0.32,0.32522,0.32522,0.31679,22825.07836802
2017-05-24 00:15:00,0.32486,0.3198,0.32486,0.3197,7261.67361554
2017-05-24 00:30:00,0.32244,0.3165199999999999,0.32638,0.31651,8014.3905611400005
2017-05-24 00:45:00,0.32166,0.32284,0.32284,0.31608,12924.999573199999
2017-05-24 01:00:00,0.32273,0.31909,0.32273,0.315,47478.54671396
2017-05-24 01:15:00,0.31248,0.3123599999999999,0.31768,0.3122,14745.91312903
2017-05-24 01:30:00,0.3125,0.32,0.32,0.3125,38280.264878
2017-05-24 01:45:00,0.32169,0.32598,0.32688,0.32008,44904.24785506
2017-05-24 02:00:00,0.32598,0.32485,0.3264,0.32098,40067.63793459
2017-05-24 02:15:00,0.32488,0.32498,0.32689,0.32113,18312.9833817
2017-05-24 02:30:00,0.32159,0.32,0.32159,0.32,30530.973834279997
2017-05-24 02:45:00,0.31917,0.3249,0.3249,0.31917,13825.09855657
2017-05-24 03:00:00,0.325,0.32894,0.32899,0.325,3080.31140915
2017-05-24 03:15:00,0.32835,0.32873,0.32883,0.32794,8509.53426445
2017-05-24 03:30:00,0.3259,0.3214,0.32761,0.3201,18616.154355040002
2017-05-24 03:45:00,0.3217,0.32187,0.32187,0.3217,3566.4397953400003
2017-05-24 04:00:00,0.3255,0.32011,0.3255,0.32011,15478.125504590002
2017-05-24 04:15:00,0.3201,0.32382,0.3244,0.3201,21578.6698653
2017-05-24 04:30:00,0.32015,0.3204,0.3239,0.3201,4942.59072011
2017-05-24 04:45:00,0.32389,0.32,0.32389,0.32,23843.63206729
2017-05-24 05:00:00,0.3235099999999999,0.3159099999999999,0.32352,0.3159099999999999,15309.50212554
2017-05-24 05:15:00,0.31515,0.31974,0.32275,0.31501,55140.57707823
2017-05-24 05:30:00,0.3159099999999999,0.31908,0.31938,0.31416,42274.27405216
2017-05-24 05:45:00,0.31847,0.31939,0.31939,0.31666,174.74064609
2017-05-24 06:00:00,0.31939,0.32079,0.32262,0.3190199999999999,35640.73492072
2017-05-24 06:15:00,0.32066,0.32,0.32105,0.31781,9882.73901235
2017-05-24 06:30:00,0.32079,0.32361,0.32408,0.31928,11372.14012463
2017-05-24 06:45:00,0.32394,0.32562,0.329,0.32006,27125.80121515
2017-05-24 07:00:00,0.32564,0.33249,0.33249,0.31952,152791.38869638
2017-05-24 07:15:00,0.328,0.33157,0.33157,0.32799,34226.16227053
2017-05-24 07:30:00,0.32801,0.3232,0.32802,0.3232,9128.03682169
2017-05-24 07:45:00,0.33,0.32531,0.33,0.32531,29486.93862585
2017-05-24 08:00:00,0.32541,0.32893,0.32903,0.32411,6080.8343869
2017-05-24 08:15:00,0.3252,0.32898,0.32936,0.3252,2712.87721961
2017-05-24 08:30:00,0.326,0.3292,0.3315,0.326,41523.22186851
2017-05-24 08:45:00,0.3318,0.33184,0.332,0.32958,27170.88224964
2017-05-24 09:00:00,0.33,0.32505,0.33,0.32505,33114.307643
2017-05-24 09:15:00,0.328,0.32639,0.328,0.32639,101.99410873999999
2017-05-24 09:30:00,0.32699,0.32442,0.32699,0.32442,5572.306877
2017-05-24 09:45:00,0.3266,0.3244,0.32666,0.3244,7951.07507123
2017-05-24 10:00:00,0.3244,0.32569,0.3257,0.32,150948.10602093
2017-05-24 10:15:00,0.3257,0.3255,0.3267,0.3255,4172.0
2017-05-24 10:30:00,0.32251,0.324,0.32427,0.32,40060.06933647
2017-05-24 10:45:00,0.32488,0.32452,0.32488,0.32452,2662.6263657
2017-05-24 11:00:00,0.32142,0.32,0.32288,0.32,24101.07192295
2017-05-24 11:15:00,0.32,0.3177,0.32247,0.3177,75929.30205729
2017-05-24 11:30:00,0.31966,0.3139,0.3196699999999999,0.31372,29211.223621030003
2017-05-24 11:45:00,0.31334,0.31999,0.32278,0.30895,122955.17519099999
2017-05-24 12:00:00,0.31801,0.31749,0.3218,0.31591,76062.71896130999
2017-05-24 12:15:00,0.31414,0.32219,0.32275,0.31414,11858.449373899999
2017-05-24 12:30:00,0.32001,0.31577,0.32001,0.31212,82219.42886528
2017-05-24 12:45:00,0.31126,0.31518,0.31595,0.31078,28710.86639557
2017-05-24 13:00:00,0.31517,0.30313,0.31795,0.30166,240619.42857741998
2017-05-24 13:15:00,0.30812,0.31051,0.31051,0.30455,10571.43561338
2017-05-24 13:30:00,0.31211,0.3153,0.3153,0.3100699999999999,8096.168372550001
2017-05-24 13:45:00,0.31529,0.31121,0.31571,0.31121,40456.28545432
2017-05-24 14:00:00,0.31193,0.3159,0.3159,0.31193,20468.86526386
2017-05-24 14:15:00,0.31291,0.31999,0.32,0.3128,78506.62721575
2017-05-24 14:30:00,0.32,0.33,0.33304,0.31998,233111.0970638
2017-05-24 14:45:00,0.331,0.31974,0.33195,0.31217,47963.59585856
2017-05-24 15:00:00,0.31611,0.316,0.31613,0.3148,5883.165951679999
2017-05-24 15:15:00,0.31598,0.3243,0.3251,0.3122,12317.63367322
2017-05-24 15:30:00,0.32296,0.31121,0.32296,0.31121,11639.777439399999
2017-05-24 15:45:00,0.31122,0.3201,0.3201,0.31122,1971.42299384
2017-05-24 16:00:00,0.32005,0.31,0.32005,0.31,28226.00222801
2017-05-24 16:15:00,0.31,0.31247,0.31247,0.3082,22087.011425869998
2017-05-24 16:30:00,0.31411,0.3142,0.3142,0.31411,244.80983173
2017-05-24 16:45:00,0.31015,0.31019,0.31022,0.31015,16159.6481623
2017-05-24 17:00:00,0.31762,0.30006,0.31762,0.30005,208744.09148653998
2017-05-24 17:15:00,0.30007,0.30864,0.30898,0.30005,51359.72336054
2017-05-24 17:30:00,0.306,0.2985,0.30803,0.2985,293743.10613382
2017-05-24 17:45:00,0.2985,0.30104,0.30112,0.29403,128133.76167851
2017-05-24 18:00:00,0.30104,0.3045199999999999,0.30671,0.30056,16623.45339895
2017-05-24 18:15:00,0.3037,0.3,0.30967,0.3,56159.274654240005
2017-05-24 18:30:00,0.29849,0.2949699999999999,0.29999,0.2949699999999999,68087.60307685999
2017-05-24 18:45:00,0.2949699999999999,0.29837,0.30449,0.29412,11094.46576155
2017-05-24 19:00:00,0.2988099999999999,0.30434,0.30434,0.2988099999999999,1783.34254441
2017-05-24 19:15:00,0.30053,0.298,0.30434,0.298,11159.457514990001
2017-05-24 19:30:00,0.2973699999999999,0.29467,0.29795,0.2918699999999999,63461.5525533
2017-05-24 19:45:00,0.29482,0.2901,0.29549,0.29,57029.388847630005
2017-05-24 20:00:00,0.2902,0.28511,0.2902,0.285,44125.73031255
2017-05-24 20:15:00,0.28541,0.28937,0.28939,0.2819,94415.01882813
2017-05-24 20:30:00,0.28945,0.29432,0.30429,0.28611,93271.2746023
2017-05-24 20:45:00,0.29444,0.30448,0.30448,0.29444,19890.25436647
2017-05-24 21:00:00,0.30004,0.3,0.30451,0.2986,50469.04628739
2017-05-24 21:15:00,0.29991,0.3,0.3028,0.29989,57599.82685358
2017-05-24 21:30:00,0.3017,0.29,0.3017,0.29,30990.007339069998
2017-05-24 21:45:00,0.29301,0.29311,0.29733,0.29301,22206.17681876
2017-05-24 22:00:00,0.29301,0.2861,0.29301,0.28401,80907.6751678
2017-05-24 22:15:00,0.2861,0.28795,0.28916,0.285,12034.7243031
2017-05-24 22:30:00,0.29002,0.288,0.29196,0.28783,120462.90730233
2017-05-24 22:45:00,0.28704,0.29204,0.29344,0.284,22798.51420432
2017-05-24 23:00:00,0.29188,0.2882,0.296,0.2882,47134.870685689995
2017-05-24 23:15:00,0.28811,0.29,0.29136,0.2881,36500.93120295
2017-05-24 23:30:00,0.28999,0.28948,0.29256,0.287,196476.69181312
2017-05-24 23:45:00,0.28908,0.2886,0.28908,0.28591,18723.33963699
2017-05-25 00:00:00,0.2886,0.281,0.2886,0.281,248929.65926541
2017-05-25 00:15:00,0.2822199999999999,0.27231,0.2822199999999999,0.271,147932.75618617
2017-05-25 00:30:00,0.2711199999999999,0.26257,0.27367,0.2620099999999999,298341.87889722
2017-05-25 00:45:00,0.26218,0.27695,0.27821,0.26218,59731.50527974
2017-05-25 01:00:00,0.27697,0.276,0.28585,0.27535,39114.28224233
2017-05-25 01:15:00,0.276,0.26492,0.27601,0.26492,145199.10824328
2017-05-25 01:30:00,0.26671,0.26254,0.26671,0.25,544756.9237694001
2017-05-25 01:45:00,0.26218,0.25408,0.26244,0.25,196659.7316203
2017-05-25 02:00:00,0.25543,0.2767,0.2819,0.25532,103255.70681042
2017-05-25 02:15:00,0.2799,0.27418,0.2799,0.26593,79631.66203479
2017-05-25 02:30:00,0.2787199999999999,0.27609,0.29245,0.2739999999999999,108536.11346954001
2017-05-25 02:45:00,0.27615,0.2608,0.27755,0.25751,203826.67815509
2017-05-25 03:00:00,0.25951,0.25529,0.26141,0.25428,52318.028180969995
2017-05-25 03:15:00,0.25507,0.26033,0.26459,0.25507,54224.83139679
2017-05-25 03:30:00,0.26032,0.24592,0.26488,0.245,497618.85645567003
2017-05-25 03:45:00,0.2476699999999999,0.246,0.25454,0.245,192632.56147677
2017-05-25 04:00:00,0.2495300000000001,0.24,0.24965,0.24,295275.67958424
2017-05-25 04:15:00,0.23884,0.23808,0.2449800000000001,0.23272,114247.43024777
2017-05-25 04:30:00,0.23994,0.24447,0.2477,0.23324,113037.4309708
2017-05-25 04:45:00,0.24439,0.22902,0.24439,0.22899,103202.28336259
2017-05-25 05:00:00,0.2290199999999999,0.24754,0.2476,0.2290199999999999,228293.37187548
2017-05-25 05:15:00,0.24455,0.27336,0.2776,0.24454,117264.64466617
2017-05-25 05:30:00,0.27302,0.25913,0.27338,0.2538,147506.05782142002
2017-05-25 05:45:00,0.26018,0.264,0.26974,0.25836,29969.66247138
2017-05-25 06:00:00,0.264,0.25301,0.26623,0.25001,127748.69185758011
2017-05-25 06:15:00,0.25001,0.2581,0.26774,0.24724,84780.62453563
2017-05-25 06:30:00,0.2581,0.26294,0.26555,0.25609,32205.944746770005
2017-05-25 06:45:00,0.26293,0.2717199999999999,0.27172,0.26293,11424.438942520002
2017-05-25 07:00:00,0.26997,0.27016,0.27016,0.2665099999999999,6814.602526990002
2017-05-25 07:15:00,0.271,0.27138,0.2811,0.271,108771.29108180001
2017-05-25 07:30:00,0.275,0.29197,0.29197,0.27147,88313.49739432998
2017-05-25 07:45:00,0.2903,0.2902,0.29031,0.28633,18682.0724039
2017-05-25 08:00:00,0.2902099999999999,0.27339,0.2902099999999999,0.27339,112429.60739761998
2017-05-25 08:15:00,0.27337,0.2789,0.27999,0.26959,49536.47540478
2017-05-25 08:30:00,0.27892,0.27654,0.28078,0.27338,12609.64382872
2017-05-25 08:45:00,0.27421,0.2708,0.27636,0.2689999999999999,13036.79336835
2017-05-25 09:00:00,0.2689,0.26413,0.269,0.26201,20837.26492232
2017-05-25 09:15:00,0.26575,0.26951,0.27383,0.264,9180.76177074
2017-05-25 09:30:00,0.26951,0.27221,0.27761,0.26915,27487.1753869
2017-05-25 09:45:00,0.27216,0.27271,0.27382,0.26801,20885.18896622
2017-05-25 10:00:00,0.27268,0.26446,0.27399,0.26446,34821.27919948
2017-05-25 10:15:00,0.26445,0.26294,0.26845,0.26121,58839.19496216
2017-05-25 10:30:00,0.26213,0.25996,0.26413,0.257,72783.20402553999
2017-05-25 10:45:00,0.26213,0.25333,0.263,0.25333,44200.69048738
2017-05-25 11:00:00,0.25333,0.26065,0.26446,0.25028,119228.84513523
2017-05-25 11:15:00,0.25724,0.26388,0.26845,0.25722,22090.81384745
2017-05-25 11:30:00,0.26382,0.26102,0.26382,0.259,25367.97946236
2017-05-25 11:45:00,0.26084,0.25912,0.26085,0.25663,20692.64477888
2017-05-25 12:00:00,0.25903,0.2575,0.26038,0.25731,26504.97240323
2017-05-25 12:15:00,0.26027,0.26719,0.2692,0.26027,27602.29116059
2017-05-25 12:30:00,0.26718,0.26754,0.268,0.26518,28721.935368749997
2017-05-25 12:45:00,0.26757,0.26574,0.26915,0.26561,28246.37655568
2017-05-25 13:00:00,0.26574,0.26813,0.26908,0.26504,27650.62324973
2017-05-25 13:15:00,0.26908,0.2798,0.28541,0.26716,121272.96578294999
2017-05-25 13:30:00,0.279,0.27338,0.279,0.2721,36171.85181055
2017-05-25 13:45:00,0.27339,0.26868,0.2745,0.26868,73761.32037711
2017-05-25 14:00:00,0.26854,0.26811,0.27026,0.26223,50655.95405709
2017-05-25 14:15:00,0.26844,0.27279,0.27499,0.26813,5698.88596981
2017-05-25 14:30:00,0.2728,0.26263,0.27501,0.26263,50155.96189977
2017-05-25 14:45:00,0.26486,0.267,0.267,0.26312,26635.72417332
2017-05-25 15:00:00,0.267,0.25945,0.27287,0.25542,95954.6540417
2017-05-25 15:15:00,0.25999,0.26602,0.26845,0.25935,11079.55610922
2017-05-25 15:30:00,0.26846,0.26624,0.26958,0.26213,6638.00203869
2017-05-25 15:45:00,0.26774,0.26501,0.271,0.26447,24878.330829
2017-05-25 16:00:00,0.26773,0.27015,0.27015,0.26773,675.7903399200001
2017-05-25 16:15:00,0.26907,0.2751,0.2751,0.26748,24612.8514679
2017-05-25 16:30:00,0.2751,0.26824,0.28005,0.26448,142454.23118403
2017-05-25 16:45:00,0.27111,0.27023,0.28,0.25629,129115.89921055001
2017-05-25 17:00:00,0.27023,0.2812,0.2812,0.26615,77299.02752343
2017-05-25 17:15:00,0.27558,0.27273,0.281,0.27036,97767.89733002
2017-05-25 17:30:00,0.27202,0.26616,0.27202,0.25843,148787.8504439
2017-05-25 17:45:00,0.26687,0.26304,0.27227,0.26,47120.06590224
2017-05-25 18:00:00,0.26406,0.26313,0.26758,0.26,95146.35841556
2017-05-25 18:15:00,0.26513,0.26771,0.26815,0.25983,43058.315523180005
2017-05-25 18:30:00,0.26767,0.27093,0.27942,0.26113,34292.07493897
2017-05-25 18:45:00,0.27702,0.26836,0.27917,0.26,87599.81491083
2017-05-25 19:00:00,0.26766,0.2615,0.26798,0.254,75080.43634765
2017-05-25 19:15:00,0.2615,0.26213,0.26451,0.25248,111678.55802728
2017-05-25 19:30:00,0.26113,0.2602,0.264,0.25524,49940.9178696
2017-05-25 19:45:00,0.26018,0.25546,0.26298,0.25544,14624.462452239999
2017-05-25 20:00:00,0.25807,0.26217,0.26217,0.2557,5969.12975128
2017-05-25 20:15:00,0.25822,0.26079,0.2645,0.25822,58989.37610993
2017-05-25 20:30:00,0.26098,0.26188,0.26417,0.25908,16257.60146011
2017-05-25 20:45:00,0.26113,0.258,0.26188,0.25729,5206.62570757
2017-05-25 21:00:00,0.25975,0.2584,0.26075,0.2582,5650.05849665
2017-05-25 21:15:00,0.25831,0.25163,0.26078,0.25163,35617.54670712
2017-05-25 21:30:00,0.25566,0.255,0.25927,0.25367,7568.45818799
2017-05-25 21:45:00,0.2546,0.2551,0.25659,0.2516199999999999,3350.90252237
2017-05-25 22:00:00,0.253,0.25724,0.25724,0.251,39379.26043501
2017-05-25 22:15:00,0.25723,0.257,0.26003,0.257,7816.1209824
2017-05-25 22:30:00,0.25664,0.25879,0.2624,0.25529,51799.95426049
2017-05-25 22:45:00,0.25879,0.25407,0.26202,0.24389,87271.46820593001
2017-05-25 23:00:00,0.25386,0.245,0.2544,0.245,116894.69658804
2017-05-25 23:15:00,0.25083,0.24008,0.25083,0.24,31670.656974190002
2017-05-25 23:30:00,0.24004,0.23032,0.242,0.23,251226.0774253
2017-05-25 23:45:00,0.243,0.2382,0.24499,0.23,194930.45846800998
2017-05-26 00:00:00,0.2382,0.24669,0.24721,0.2382,39483.85072801
2017-05-26 00:15:00,0.24495,0.25228,0.25228,0.24267,8590.78689331
2017-05-26 00:30:00,0.25324,0.253,0.26214,0.2516199999999999,42251.865210560005
2017-05-26 00:45:00,0.25471,0.25271,0.25747,0.25271,10630.53126003
2017-05-26 01:00:00,0.25247,0.25898,0.26098,0.2521,3661.11744541
2017-05-26 01:15:00,0.2588,0.25319,0.2592,0.25319,14359.0586411
2017-05-26 01:30:00,0.25309,0.25253,0.2544,0.25228,1717.65179426
2017-05-26 01:45:00,0.25273,0.26098,0.26098,0.25229,7527.4329206699995
2017-05-26 02:00:00,0.26098,0.25902,0.261,0.259,13964.558776610002
2017-05-26 02:15:00,0.25902,0.26563,0.26575,0.25902,2989.65425221
2017-05-26 02:30:00,0.26575,0.26975,0.27398,0.26086,139768.3149495
2017-05-26 02:45:00,0.27115,0.282,0.282,0.27074,79280.62624174
2017-05-26 03:00:00,0.282,0.29961,0.29999,0.28199,418755.41774442
2017-05-26 03:15:00,0.29912,0.293,0.29912,0.28,178252.49826611002
2017-05-26 03:30:00,0.29121,0.288,0.29121,0.27907,114248.60956394
2017-05-26 03:45:00,0.288,0.279,0.288,0.27532,21878.373015189998
2017-05-26 04:00:00,0.279,0.28699,0.28748,0.279,27625.78723635
2017-05-26 04:15:00,0.287,0.28352,0.287,0.28351,72026.97364681
2017-05-26 04:30:00,0.28361,0.28798,0.28798,0.2836,3731.17580619
2017-05-26 04:45:00,0.288,0.29809,0.29989,0.288,116754.27352354999
2017-05-26 05:00:00,0.29807,0.297,0.299,0.29057,44976.4826284
2017-05-26 05:15:00,0.297,0.29914,0.2993,0.28952,92356.70671375
2017-05-26 05:30:00,0.2975,0.29932,0.29932,0.29599,25231.867516190003
2017-05-26 05:45:00,0.3,0.30932,0.30932,0.2999,165221.26506033
2017-05-26 06:00:00,0.30573,0.316,0.316,0.30573,45186.27394873
2017-05-26 06:15:00,0.31641,0.31987,0.32,0.31168,94738.47196709001
2017-05-26 06:30:00,0.32,0.30158,0.32126,0.30158,71542.69927822
2017-05-26 06:45:00,0.30759,0.31108,0.31558,0.30758,24858.66799766
2017-05-26 07:00:00,0.31108,0.30173,0.315,0.30173,255188.72335917002
2017-05-26 07:15:00,0.30176,0.305,0.3083,0.29971,97074.77040428
2017-05-26 07:30:00,0.305,0.30001,0.30503,0.29764,123208.6943795
2017-05-26 07:45:00,0.30078,0.29382,0.30715,0.2937,67194.07555911
2017-05-26 08:00:00,0.29383,0.29033,0.29383,0.28002,98811.48881153
2017-05-26 08:15:00,0.2931,0.29672,0.29672,0.28631,5992.29799558
2017-05-26 08:30:00,0.29299,0.293,0.293,0.28723,94560.57202908999
2017-05-26 08:45:00,0.29003,0.29,0.29298,0.28725,249155.771028
2017-05-26 09:00:00,0.29229,0.29858,0.301,0.29005,3719.01021958
2017-05-26 09:15:00,0.29013,0.29871,0.29987,0.29013,7782.27045747
2017-05-26 09:30:00,0.29696,0.29236,0.29696,0.28801,67320.34472777
2017-05-26 09:45:00,0.28801,0.29446,0.2952,0.28801,65.02552542
2017-05-26 10:00:00,0.29499,0.3063,0.3063,0.29042,60336.09978741
2017-05-26 10:15:00,0.305,0.2962,0.305,0.2962,29400.41193406
2017-05-26 10:30:00,0.29532,0.3019,0.302,0.29532,52961.620975980004
2017-05-26 10:45:00,0.30199,0.30183,0.30199,0.3,2000.1
2017-05-26 11:00:00,0.30183,0.3047,0.30679,0.30029,11455.2634794
2017-05-26 11:15:00,0.30636,0.301,0.30636,0.301,11000.0
2017-05-26 11:30:00,0.30252,0.306,0.30609,0.30252,11030.91631448
2017-05-26 11:45:00,0.3043,0.30084,0.3043,0.30084,1041.12334079
2017-05-26 12:00:00,0.30084,0.301,0.301,0.29543,6408.2373838
2017-05-26 12:15:00,0.2973,0.29542,0.29731,0.29541,18225.94663552
2017-05-26 12:30:00,0.29542,0.27702,0.29775,0.27101,103207.61879079
2017-05-26 12:45:00,0.27336,0.29082,0.29094,0.27336,106370.21647705
2017-05-26 13:00:00,0.28631,0.29054,0.2954,0.28631,48405.41165471
2017-05-26 13:15:00,0.28634,0.29072,0.29459,0.28124,38731.52954772
2017-05-26 13:30:00,0.29158,0.29109,0.3009,0.29109,97628.49816828
2017-05-26 13:45:00,0.29683,0.29502,0.29729,0.28757,49558.15641434999
2017-05-26 14:00:00,0.29485,0.2799,0.29485,0.27502,55679.76520969
2017-05-26 14:15:00,0.28078,0.28514,0.28634,0.2774,64526.383782209996
2017-05-26 14:30:00,0.28032,0.281,0.2822,0.2788,133757.75797099
2017-05-26 14:45:00,0.284,0.2841,0.28902,0.284,4892.18028791
2017-05-26 15:00:00,0.2841,0.2841,0.2841,0.284,776.8877210200001
2017-05-26 15:15:00,0.2823699999999999,0.2825,0.2839,0.27956,49908.47347719
2017-05-26 15:30:00,0.28388,0.28689,0.28695,0.28388,11346.16776136
2017-05-26 15:45:00,0.28697,0.29128,0.29128,0.28697,53271.775814939996
2017-05-26 16:00:00,0.29115,0.295,0.29531,0.29115,10017.17389843
2017-05-26 16:15:00,0.2947,0.2952,0.29564,0.2928,12343.36562952
2017-05-26 16:30:00,0.29471,0.293,0.29472,0.28934,73115.380042
2017-05-26 16:45:00,0.291,0.29001,0.291,0.29001,3276.5136480300002
2017-05-26 17:00:00,0.29,0.29472,0.29519,0.2852,22865.844057539998
2017-05-26 17:15:00,0.29472,0.28902,0.29472,0.28902,4487.94298097
2017-05-26 17:30:00,0.28902,0.28701,0.29201,0.28701,44863.12632305
2017-05-26 17:45:00,0.28702,0.279,0.28718,0.279,75780.26581443999
2017-05-26 18:00:00,0.27879,0.284,0.284,0.27512,144867.71434436998
2017-05-26 18:15:00,0.2802,0.27498,0.2802,0.26754,42060.02931399
2017-05-26 18:30:00,0.27201,0.27216,0.28126,0.27143,13186.66253998
2017-05-26 18:45:00,0.27472,0.26601,0.27669,0.26601,180561.44147636002
2017-05-26 19:00:00,0.26601,0.26846,0.27449,0.26511,69765.63435167
2017-05-26 19:15:00,0.26834,0.26315,0.27337,0.26315,58105.88143113
2017-05-26 19:30:00,0.26315,0.26299,0.26719,0.251,334378.67285305
2017-05-26 19:45:00,0.26,0.2623,0.26916,0.25501,280549.06883679
2017-05-26 20:00:00,0.26513,0.27028,0.279,0.26225,91577.60005350999
2017-05-26 20:15:00,0.27028,0.26857,0.27472,0.26446,273673.53563467
2017-05-26 20:30:00,0.26777,0.25521,0.26958,0.2503,70326.47014075
2017-05-26 20:45:00,0.25921,0.26224,0.26849,0.25502,30932.65701516
2017-05-26 21:00:00,0.263,0.26315,0.26476,0.25803,24324.71659159
2017-05-26 21:15:00,0.2644,0.26114,0.26599,0.26114,450.94027404
2017-05-26 21:30:00,0.26139,0.25481,0.26379,0.25481,39421.69559152001
2017-05-26 21:45:00,0.25416,0.25482,0.25921,0.2511,18929.97732481
2017-05-26 22:00:00,0.25324,0.24008,0.25324,0.24008,267730.80161881
2017-05-26 22:15:00,0.2498,0.2381,0.2503,0.23609,190422.76971204
2017-05-26 22:30:00,0.24572,0.25,0.25,0.24572,3689.4850309900003
2017-05-26 22:45:00,0.25193,0.25375,0.25376,0.2511,46534.65850071
2017-05-26 23:00:00,0.24925,0.25051,0.25314,0.24068,70833.78058293
2017-05-26 23:15:00,0.25183,0.25816,0.25816,0.25183,4770.95144065
2017-05-26 23:30:00,0.25881,0.25599,0.26198,0.25416,8825.981451919999
2017-05-26 23:45:00,0.25815,0.259,0.26249,0.25354,6883.73586533
2017-05-27 00:00:00,0.25881,0.2579,0.26131,0.25515,88680.40217385
2017-05-27 00:15:00,0.25919,0.25184,0.2604,0.25184,6040.96486619
2017-05-27 00:30:00,0.25583,0.25583,0.25583,0.25177,691.92817283
2017-05-27 00:45:00,0.25583,0.25619,0.257,0.25333,13230.373792639999
2017-05-27 01:00:00,0.25555,0.25881,0.25892,0.2501,10298.71818104
2017-05-27 01:15:00,0.259,0.2675,0.2675,0.259,69872.5426486
2017-05-27 01:30:00,0.26836,0.26517,0.272,0.26517,13954.547415340001
2017-05-27 01:45:00,0.26517,0.26329,0.26601,0.26329,324.68084478000003
2017-05-27 02:00:00,0.26317,0.25801,0.26317,0.25801,4780.21592556
2017-05-27 02:15:00,0.25739,0.25853,0.25853,0.25542,1414.11685728
2017-05-27 02:30:00,0.2575,0.2575,0.25858,0.2575,2398.16913832
2017-05-27 02:45:00,0.25859,0.25657,0.25982,0.25,48560.88400469
2017-05-27 03:00:00,0.24948,0.23511,0.25471,0.23511,169086.21143411
2017-05-27 03:15:00,0.23512,0.23805,0.25133,0.23512,54399.49308227
2017-05-27 03:30:00,0.24972,0.2351,0.24972,0.2351,86462.41607966
2017-05-27 03:45:00,0.23503,0.238,0.23933,0.235,17402.89754909
2017-05-27 04:00:00,0.24008,0.235,0.24008,0.235,5175.87065345
2017-05-27 04:15:00,0.235,0.23399,0.24267,0.2339,14724.06725756
2017-05-27 04:30:00,0.2339,0.22202,0.23605,0.22201,249931.40196597
2017-05-27 04:45:00,0.22221,0.21948,0.22793,0.20792,108483.33255194
2017-05-27 05:00:00,0.20501,0.21915,0.21915,0.205,41885.941745460004
2017-05-27 05:15:00,0.21915,0.22133,0.22133,0.2066,114493.28793451
2017-05-27 05:30:00,0.21001,0.20898,0.21654,0.20825,24878.23690578
2017-05-27 05:45:00,0.2085,0.21236,0.21599,0.20016,313193.90203042
2017-05-27 06:00:00,0.2003,0.196,0.2003,0.18001,488705.84579279
2017-05-27 06:15:00,0.2,0.18032,0.2081,0.18032,94792.76949441001
2017-05-27 06:30:00,0.18032,0.19281,0.19991,0.18032,190594.08782069
2017-05-27 06:45:00,0.19936,0.21871,0.21871,0.19899,25740.553171710002
2017-05-27 07:00:00,0.21799,0.219,0.23,0.21243,463969.74331366
2017-05-27 07:15:00,0.2135,0.215,0.22192,0.21065,4994.7898992499995
2017-05-27 07:30:00,0.21212,0.2101,0.21856,0.21003,23549.659636919998
2017-05-27 07:45:00,0.2101,0.21,0.21812,0.20508,212749.91609964002
2017-05-27 08:00:00,0.21,0.20152,0.21,0.2,197437.87622415
2017-05-27 08:15:00,0.20898,0.2,0.20898,0.2,27959.14767239
2017-05-27 08:30:00,0.2,0.20281,0.20281,0.19453,26063.886534160003
2017-05-27 08:45:00,0.19201,0.19,0.2,0.19,4246.85176441
2017-05-27 09:00:00,0.19,0.18021,0.19,0.18001,242245.37558136001
2017-05-27 09:15:00,0.18,0.16551,0.18,0.1653099999999999,569797.26656382
2017-05-27 09:30:00,0.1767,0.17501,0.18555,0.1680299999999999,33647.3459964
2017-05-27 09:45:00,0.17202,0.17264,0.1787099999999999,0.16505,131666.19885628
2017-05-27 10:00:00,0.16512,0.15286,0.17234,0.1445,791551.37012926
2017-05-27 10:15:00,0.15001,0.18328,0.18331,0.1467099999999999,252529.13522704
2017-05-27 10:30:00,0.175,0.1659,0.17999,0.15702,425619.11701229
2017-05-27 10:45:00,0.1734,0.17859,0.17998,0.16813,39623.49940099
2017-05-27 11:00:00,0.1776299999999999,0.1811,0.18634,0.1773799999999999,87377.16704574
2017-05-27 11:15:00,0.18568,0.18111,0.18651,0.17501,93477.259083
2017-05-27 11:30:00,0.1813,0.17098,0.18555,0.17098,111916.522732
2017-05-27 11:45:00,0.17211,0.20278,0.20544,0.17211,76788.64822827
2017-05-27 12:00:00,0.20265,0.20412,0.20473,0.194,304188.61725353
2017-05-27 12:15:00,0.20412,0.18001,0.20706,0.18001,187538.26606341
2017-05-27 12:30:00,0.18001,0.18995,0.19558,0.18001,203083.14413138002
2017-05-27 12:45:00,0.18484,0.19613,0.19661,0.18484,3856.34077407
2017-05-27 13:00:00,0.19499,0.1919,0.19543,0.19092,44880.230235300005
2017-05-27 13:15:00,0.19016,0.18392,0.19246,0.1807,44789.9759944
2017-05-27 13:30:00,0.18392,0.1873,0.19124,0.18392,84888.93732881
2017-05-27 13:45:00,0.185,0.18743,0.18743,0.18311,6319.00489645
2017-05-27 14:00:00,0.19424,0.19399,0.19427,0.18802,30243.488671050003
2017-05-27 14:15:00,0.1943,0.198,0.19861,0.19429,4807.29963127
2017-05-27 14:30:00,0.1991,0.1935,0.1991,0.1881,55074.59915702
2017-05-27 14:45:00,0.1915,0.195,0.19788,0.1915,669.09606557
2017-05-27 15:00:00,0.19399,0.19594,0.19594,0.19399,141.82463182
2017-05-27 15:15:00,0.1912,0.19393,0.19394,0.1912,321.57723151
2017-05-27 15:30:00,0.19394,0.20527,0.20527,0.1912,75802.13779395001
2017-05-27 15:45:00,0.2052,0.20671,0.20999,0.2003,97722.00708233
2017-05-27 16:00:00,0.20665,0.21935,0.22,0.20665,155886.00951925
2017-05-27 16:15:00,0.21905,0.21004,0.21905,0.21001,90975.26158492001
2017-05-27 16:30:00,0.21019,0.22219,0.22484,0.21019,104815.88487888
2017-05-27 16:45:00,0.2196,0.2009,0.22484,0.2009,56852.882946059995
2017-05-27 17:00:00,0.20089,0.20944,0.2098,0.20089,55133.316052509996
2017-05-27 17:15:00,0.2089,0.20958,0.20958,0.2089,14.74
2017-05-27 17:30:00,0.20301,0.20351,0.20352,0.20301,4378.97212169
2017-05-27 17:45:00,0.20453,0.21123,0.21155,0.20417,70003.26909557
2017-05-27 18:00:00,0.2114,0.21511,0.21609,0.21007,63251.75233923
2017-05-27 18:15:00,0.21446,0.21792,0.21843,0.21018,2275.63931133
2017-05-27 18:30:00,0.21197,0.21614,0.2162,0.21196,1529.78768592
2017-05-27 18:45:00,0.21614,0.21988,0.21988,0.21162,684.95807427
2017-05-27 19:00:00,0.219,0.219,0.22058,0.219,165797.63586658
2017-05-27 19:15:00,0.21901,0.2205,0.2205,0.215,73144.10052766
2017-05-27 19:30:00,0.21792,0.2155,0.21792,0.215,53449.0
2017-05-27 19:45:00,0.21524,0.2157,0.219,0.21524,11530.672277390002
2017-05-27 20:00:00,0.21805,0.21643,0.2195,0.21637,46806.03960582
2017-05-27 20:15:00,0.2173,0.20551,0.21825,0.20201,188530.33248089
2017-05-27 20:30:00,0.20846,0.2055,0.20846,0.19076,138063.37120327
2017-05-27 20:45:00,0.20152,0.20153,0.20544,0.19426,135959.27468131998
2017-05-27 21:00:00,0.20152,0.19631,0.20343,0.19631,17244.788131089997
2017-05-27 21:15:00,0.19631,0.1902,0.19634,0.1902,24598.05264103
2017-05-27 21:30:00,0.19001,0.19001,0.19328,0.18432,143930.57754712002
2017-05-27 21:45:00,0.19005,0.18963,0.19476,0.1888,255256.41652814
2017-05-27 22:00:00,0.1888,0.19099,0.19196,0.18872,646.78138744
2017-05-27 22:15:00,0.19105,0.19548,0.19586,0.19105,10381.26420308
2017-05-27 22:30:00,0.19548,0.20227,0.20431,0.19548,74533.73370764
2017-05-27 22:45:00,0.20343,0.20153,0.20677,0.20029,58449.33090793
2017-05-27 23:00:00,0.20153,0.19749,0.20153,0.19658,7292.06864139
2017-05-27 23:15:00,0.19752,0.20053,0.20334,0.19752,24686.07327329
2017-05-27 23:30:00,0.20024,0.20085,0.20418,0.20018,105115.39123522
2017-05-27 23:45:00,0.20085,0.20142,0.20351,0.20085,6193.05875286
2017-05-28 00:00:00,0.2019099999999999,0.20309,0.20646,0.2019099999999999,105744.13348803001
2017-05-28 00:15:00,0.20367,0.205,0.20636,0.20212,125236.18310348998
2017-05-28 00:30:00,0.205,0.20951,0.21345,0.20356,18524.16568872
2017-05-28 00:45:00,0.20905,0.20894,0.21108,0.2068699999999999,17644.32287188
2017-05-28 01:00:00,0.2070199999999999,0.20965,0.21264,0.2070199999999999,81043.16795045999
2017-05-28 01:15:00,0.21116,0.21058,0.213,0.21001,44819.92304334
2017-05-28 01:30:00,0.21048,0.21223,0.213,0.21048,12436.25283639
2017-05-28 01:45:00,0.21303,0.21799,0.21799,0.21303,8329.288811
2017-05-28 02:00:00,0.21648,0.21527,0.2179699999999999,0.21486,10122.400312600003
2017-05-28 02:15:00,0.21642,0.22043,0.22115,0.21495,48466.89863244001
2017-05-28 02:30:00,0.22198,0.21947,0.222,0.21881,100399.38431577
2017-05-28 02:45:00,0.22197,0.22042,0.22199,0.21964,12970.77792431
2017-05-28 03:00:00,0.22042,0.21834,0.22042,0.2149599999999999,105852.19908385999
2017-05-28 03:15:00,0.21531,0.21768,0.21866,0.21525,124363.42642627002
2017-05-28 03:30:00,0.21768,0.215,0.21907,0.215,61445.669737309996
2017-05-28 03:45:00,0.21722,0.21724,0.21724,0.21501,9482.972374699997
2017-05-28 04:00:00,0.2157599999999999,0.22099,0.222,0.2157599999999999,49785.73610223
2017-05-28 04:15:00,0.222,0.22269,0.22289,0.22044,14685.336207589999
2017-05-28 04:30:00,0.22269,0.22054,0.2229,0.22045,4578.4953145
2017-05-28 04:45:00,0.22116,0.225,0.2286099999999999,0.22055,26341.477416179998
2017-05-28 05:00:00,0.225,0.22629,0.22788,0.225,27004.91108569
2017-05-28 05:15:00,0.2286099999999999,0.2308599999999999,0.23248,0.2267699999999999,8247.50049431
2017-05-28 05:30:00,0.23246,0.22501,0.23438,0.22488,52803.40081169
2017-05-28 05:45:00,0.22424,0.22136,0.22424,0.21749,51992.86429132
2017-05-28 06:00:00,0.21775,0.2188,0.22025,0.21381,36760.63572987
2017-05-28 06:15:00,0.2197800000000001,0.2212199999999999,0.2212199999999999,0.21393,29200.03799924
2017-05-28 06:30:00,0.21921,0.21921,0.21921,0.21921,2.71
2017-05-28 06:45:00,0.21914,0.21816,0.21915,0.21816,3682.444898
2017-05-28 07:00:00,0.2195099999999999,0.22,0.22,0.2195099999999999,202903.18975979998
2017-05-28 07:15:00,0.22027,0.22154,0.22471,0.22027,162276.93705033
2017-05-28 07:30:00,0.22154,0.22471,0.22515,0.22114,56618.81161475
2017-05-28 07:45:00,0.22471,0.22903,0.22904,0.22471,3375.10604807
2017-05-28 08:00:00,0.23,0.23089,0.231,0.2277199999999999,119162.22235756
2017-05-28 08:15:00,0.23084,0.22332,0.23084,0.22331,169459.96336897998
2017-05-28 08:30:00,0.22644,0.2273099999999999,0.22933,0.22644,12085.47078405
2017-05-28 08:45:00,0.2279699999999999,0.2279699999999999,0.22797,0.226,65467.06144278
2017-05-28 09:00:00,0.2289999999999999,0.23,0.23,0.22798,126.69639538000001
2017-05-28 09:15:00,0.2284,0.23022,0.23186,0.2283800000000001,2906.3895591900005
2017-05-28 09:30:00,0.23108,0.2335,0.23403,0.23108,26939.44872807
2017-05-28 09:45:00,0.23251,0.23374,0.23374,0.22971,91174.75524536001
2017-05-28 10:00:00,0.23211,0.23015,0.23246,0.22943,72556.73953314
2017-05-28 10:15:00,0.23015,0.23162,0.2316300000000001,0.22894,80538.37852827
2017-05-28 10:30:00,0.23162,0.2233,0.2316300000000001,0.2233,57518.97179264
2017-05-28 10:45:00,0.2241699999999999,0.22163,0.22836,0.22163,13978.592186740001
2017-05-28 11:00:00,0.22163,0.21352,0.22163,0.21333,181525.26070029
2017-05-28 11:15:00,0.2135,0.2190099999999999,0.22148,0.21156,28069.06893024
2017-05-28 11:30:00,0.21901,0.22351,0.22351,0.215,63197.39128677
2017-05-28 11:45:00,0.22354,0.21886,0.22355,0.21884,69433.71312458
2017-05-28 12:00:00,0.22116,0.22145,0.22327,0.21998,2487.8776735
2017-05-28 12:15:00,0.22101,0.218,0.22101,0.218,16873.21951726
2017-05-28 12:30:00,0.2201,0.22152,0.22152,0.21991,15.50148512
2017-05-28 12:45:00,0.21803,0.21699,0.21803,0.21699,1346.1213885
2017-05-28 13:00:00,0.22034,0.22034,0.22034,0.22034,1482.0
2017-05-28 13:15:00,0.2201699999999999,0.22017,0.222,0.2201699999999999,194968.0342838
2017-05-28 13:30:00,0.22017,0.2201699999999999,0.22235,0.2201699999999999,62290.959655510014
2017-05-28 13:45:00,0.22017,0.21649,0.22188,0.21648,78752.86909994
2017-05-28 14:00:00,0.21649,0.21531,0.22197,0.21305,31973.09217239
2017-05-28 14:15:00,0.2131199999999999,0.2094,0.2141,0.2094,122701.37840037
2017-05-28 14:30:00,0.20941,0.20501,0.20941,0.205,113875.34488368999
2017-05-28 14:45:00,0.205,0.20316,0.2054699999999999,0.2000299999999999,82868.05827863
2017-05-28 15:00:00,0.2039099999999999,0.2086199999999999,0.20877,0.2039099999999999,29680.59667582
2017-05-28 15:15:00,0.20464,0.196,0.20464,0.19537,262615.11635927
2017-05-28 15:30:00,0.19601,0.1957,0.19608,0.19,96634.83607141
2017-05-28 15:45:00,0.19579,0.2005,0.20159,0.19579,182137.41197202998
2017-05-28 16:00:00,0.2005,0.19985,0.204,0.19891,578189.03841995
2017-05-28 16:15:00,0.20059,0.2,0.2006,0.19526,189972.71888929998
2017-05-28 16:30:00,0.2,0.2056,0.20656,0.19835,275757.07235189003
2017-05-28 16:45:00,0.2056,0.20465,0.2088,0.20462,99814.64241139
2017-05-28 17:00:00,0.20462,0.20791,0.20862,0.20437,27981.919599360004
2017-05-28 17:15:00,0.2079599999999999,0.20345,0.2087,0.20345,54678.824271730016
2017-05-28 17:30:00,0.2055,0.20042,0.20799,0.20016,4801.79626337
2017-05-28 17:45:00,0.20042,0.20019,0.20042,0.19511,128665.36929272002
2017-05-28 18:00:00,0.20023,0.20218,0.2048,0.20023,5316.29310564
2017-05-28 18:15:00,0.20194,0.2048,0.2048,0.20194,13435.46270447
2017-05-28 18:30:00,0.20491,0.20408,0.2055199999999999,0.20407,690.0
2017-05-28 18:45:00,0.20662,0.20405,0.20844,0.20405,4607.05979177
2017-05-28 19:00:00,0.20401,0.20196,0.205,0.20196,5424.79524037
2017-05-28 19:15:00,0.20195,0.20394,0.20394,0.20194,1129.0
2017-05-28 19:30:00,0.20403,0.20194,0.2056,0.20194,42375.18759263
2017-05-28 19:45:00,0.2018,0.20216,0.20216,0.2,2124.4016641900002
2017-05-28 20:00:00,0.20106,0.19743,0.2021599999999999,0.19743,1911.27613566
2017-05-28 20:15:00,0.19743,0.19349,0.19743,0.19349,14701.75781527
2017-05-28 20:30:00,0.196,0.1975,0.1975,0.196,1200.1753703499999
2017-05-28 20:45:00,0.1975,0.19655,0.19967,0.19655,1066.2867102300002
2017-05-28 21:00:00,0.19655,0.20001,0.20001,0.19601,2071.25313248
2017-05-28 21:15:00,0.20004,0.20216,0.20216,0.20004,631.9902604499999
2017-05-28 21:30:00,0.20283,0.20529,0.20535,0.20283,9529.48529326
2017-05-28 21:45:00,0.2051199999999999,0.20454,0.2053,0.20194,1636.54
2017-05-28 22:00:00,0.20195,0.2066,0.20688,0.20157,1509.657
2017-05-28 22:15:00,0.2066,0.21,0.21,0.2066,5438.1100197000005
2017-05-28 22:30:00,0.21,0.2171199999999999,0.21732,0.21,112242.07988937001
2017-05-28 22:45:00,0.2171,0.21785,0.21785,0.21442,288954.82935149
2017-05-28 23:00:00,0.2168,0.2156,0.2168,0.21551,5344.26212287
2017-05-28 23:15:00,0.21591,0.2159,0.21591,0.2159,2620.15535393
2017-05-28 23:30:00,0.21825,0.21629,0.21825,0.21629,2580.57659046
2017-05-28 23:45:00,0.21634,0.21631,0.21898,0.21631,324.487479
2017-05-29 00:00:00,0.21628,0.2148699999999999,0.21631,0.21482,5724.2673501
2017-05-29 00:15:00,0.2149599999999999,0.2189999999999999,0.2189999999999999,0.21478,30227.10839481
2017-05-29 00:30:00,0.21968,0.21751,0.21968,0.21723,4541.3797713
2017-05-29 00:45:00,0.2175,0.21506,0.21885,0.21506,6976.0197108
2017-05-29 01:00:00,0.21506,0.21261,0.21584,0.21261,8925.324336000001
2017-05-29 01:15:00,0.21581,0.21281,0.21582,0.21261,1138.8926844
2017-05-29 01:30:00,0.21276,0.21107,0.21472,0.21107,10003.839146320002
2017-05-29 01:45:00,0.21106,0.20775,0.21162,0.20774,11512.327802900001
2017-05-29 02:00:00,0.20775,0.20697,0.20967,0.20609,8567.05128
2017-05-29 02:15:00,0.20956,0.20791,0.20968,0.20692,4880.25744773
2017-05-29 02:30:00,0.21047,0.21001,0.2123199999999999,0.20906,3128.9226138900003
2017-05-29 02:45:00,0.21001,0.20901,0.21001,0.209,378.49731810000003
2017-05-29 03:00:00,0.20821,0.20362,0.20821,0.20362,12049.183240549999
2017-05-29 03:15:00,0.2036,0.205,0.205,0.20195,9598.88675434
2017-05-29 03:30:00,0.20545,0.20374,0.20605,0.20374,261.43600663999996
2017-05-29 03:45:00,0.20611,0.20706,0.2071,0.20606,260.10000534
2017-05-29 04:00:00,0.2059,0.205,0.20592,0.205,3182.08361616
2017-05-29 04:15:00,0.20483,0.20194,0.2051199999999999,0.20194,5248.87629068
2017-05-29 04:30:00,0.20394,0.20479,0.20479,0.20394,11.04
2017-05-29 04:45:00,0.2048,0.20477,0.2048,0.20201,626.67192173
2017-05-29 05:00:00,0.20478,0.20619,0.20619,0.20195,8968.434773230001
2017-05-29 05:15:00,0.20619,0.20662,0.20665,0.20619,199.32839035
2017-05-29 05:30:00,0.20678,0.20679,0.2068,0.20462,997.83692376
2017-05-29 05:45:00,0.20678,0.2101,0.2101,0.20678,1469.30547575
2017-05-29 06:00:00,0.2101,0.20747,0.2126,0.20747,171155.95546096
2017-05-29 06:15:00,0.2072,0.207,0.2072,0.207,894.1785679999997
2017-05-29 06:30:00,0.207,0.207,0.207,0.207,59.7262102
2017-05-29 06:45:00,0.20953,0.21025,0.21025,0.20953,17700.0
2017-05-29 07:00:00,0.2097,0.2095,0.21105,0.2095,5870.84832082
2017-05-29 07:15:00,0.21023,0.21105,0.21105,0.21023,17471.77229557
2017-05-29 07:30:00,0.21105,0.21098,0.21106,0.21073,16895.2477349
2017-05-29 07:45:00,0.21003,0.20993,0.21005,0.20659,159544.03956617005
2017-05-29 08:00:00,0.20994,0.21078,0.21078,0.2096,10130.119217980002
2017-05-29 08:15:00,0.211,0.21212,0.21212,0.21088,320.20000000000005
2017-05-29 08:30:00,0.2122,0.21289,0.21289,0.2104,16829.01431483
2017-05-29 08:45:00,0.21287,0.21101,0.21287,0.21096,2129.8257310800004
2017-05-29 09:00:00,0.21139,0.212,0.212,0.21061,2977.42619767
2017-05-29 09:15:00,0.212,0.21758,0.21786,0.212,203348.36577201
2017-05-29 09:30:00,0.21758,0.21627,0.21761,0.21415,23349.45029273
2017-05-29 09:45:00,0.21451,0.21615,0.21799,0.21426,9189.36064368
2017-05-29 10:00:00,0.21798,0.21828,0.21929,0.21658,54983.24897938
2017-05-29 10:15:00,0.21828,0.21939,0.21939,0.21828,2854.12254962
2017-05-29 10:30:00,0.21864,0.22009,0.22079,0.21864,27078.72820839
2017-05-29 10:45:00,0.21857,0.22088,0.22088,0.21805,4215.0220036
2017-05-29 11:00:00,0.22005,0.218,0.22005,0.218,26951.5351188
2017-05-29 11:15:00,0.21768,0.21813,0.22088,0.21768,56718.73686263
2017-05-29 11:30:00,0.22,0.21813,0.22,0.21781,12273.75388003
2017-05-29 11:45:00,0.219,0.21799,0.219,0.21799,752.29128148
2017-05-29 12:00:00,0.21799,0.21772,0.21799,0.21772,4777.8938084
2017-05-29 12:15:00,0.21734,0.2175,0.21899,0.21699,256921.98270253
2017-05-29 12:30:00,0.21728,0.2202800000000001,0.2202800000000001,0.21728,3896.92596095
2017-05-29 12:45:00,0.2202800000000001,0.2189,0.22088,0.2189,111221.51927545
2017-05-29 13:00:00,0.2189,0.21777,0.2189,0.21777,45422.52795129
2017-05-29 13:15:00,0.21774,0.21602,0.21774,0.21602,6942.85449532
2017-05-29 13:30:00,0.21727,0.21555,0.21727,0.21555,3339.6569348000003
2017-05-29 13:45:00,0.21562,0.21561,0.21562,0.21561,65.56942888
2017-05-29 14:00:00,0.21561,0.21456,0.21561,0.21456,4486.3657771
2017-05-29 14:15:00,0.21666,0.21733,0.21736,0.21666,12.129999999999999
2017-05-29 14:30:00,0.21738,0.221,0.22293,0.21738,203047.4224153
2017-05-29 14:45:00,0.22016,0.223,0.223,0.2197,191521.82919866
2017-05-29 15:00:00,0.22326,0.22875,0.23084,0.22326,87203.01052272
2017-05-29 15:15:00,0.22875,0.22592,0.22975,0.22575,96700.9910996
2017-05-29 15:30:00,0.2259,0.22813,0.22908,0.22368,89147.18025034
2017-05-29 15:45:00,0.22751,0.22745,0.22751,0.22507,1327.45103286
2017-05-29 16:00:00,0.22745,0.22744,0.22745,0.22419,4857.72441856
2017-05-29 16:15:00,0.22749,0.23121,0.23181,0.226,188848.67527517
2017-05-29 16:30:00,0.22922,0.22895,0.23116,0.225,69174.13121162
2017-05-29 16:45:00,0.22895,0.22464,0.22895,0.22415,29192.40427847
2017-05-29 17:00:00,0.226,0.2286,0.22907,0.226,13867.81508276
2017-05-29 17:15:00,0.228,0.22695,0.228,0.22695,10010.0
2017-05-29 17:30:00,0.22699,0.2274,0.22745,0.22576,1920.49764075
2017-05-29 17:45:00,0.2274,0.22922,0.22922,0.2274,22685.707627509997
2017-05-29 18:00:00,0.22922,0.232,0.232,0.22802,19809.4605127
2017-05-29 18:15:00,0.2306,0.23461,0.23666,0.2306,120799.42794439
2017-05-29 18:30:00,0.23452,0.23539,0.2356,0.23151,77303.1712081
2017-05-29 18:45:00,0.23539,0.23603,0.2375,0.23258,37197.32658927
2017-05-29 19:00:00,0.23749,0.23538,0.23795,0.23522,26321.07325398
2017-05-29 19:15:00,0.23538,0.23318,0.23683,0.23318,44206.60898983
2017-05-29 19:30:00,0.23316,0.23028,0.23317,0.22778,39550.28689804
2017-05-29 19:45:00,0.23116,0.22836,0.23116,0.22783,5098.92534859
2017-05-29 20:00:00,0.22841,0.22749,0.22989,0.22562,400577.36909567
2017-05-29 20:15:00,0.22749,0.22748,0.22749,0.22591,97378.00850920001
2017-05-29 20:30:00,0.22747,0.22893,0.232,0.22595,288344.13602277
2017-05-29 20:45:00,0.22895,0.2318800000000001,0.232,0.22895,2963.04937547
2017-05-29 21:00:00,0.23196,0.23283,0.23283,0.23045,2045.41871349
2017-05-29 21:15:00,0.23283,0.2346,0.23475,0.23148,24897.16533214
2017-05-29 21:30:00,0.2346,0.23187,0.2346,0.229,38299.97555461
2017-05-29 21:45:00,0.23175,0.22951,0.23373,0.22951,42152.492555209996
2017-05-29 22:00:00,0.23,0.23132,0.23132,0.22833,25785.35055839
2017-05-29 22:15:00,0.23114,0.22821,0.23114,0.22807,34733.13107316
2017-05-29 22:30:00,0.22919,0.22646,0.22919,0.22646,8248.67267829
2017-05-29 22:45:00,0.226,0.22311,0.2260800000000001,0.22249,111702.60363766
2017-05-29 23:00:00,0.22474,0.22206,0.22562,0.22169,40882.91543498
2017-05-29 23:15:00,0.22211,0.22036,0.22211,0.2202,6156.780712
2017-05-29 23:30:00,0.22327,0.22458,0.22479,0.21911,74288.06491554
2017-05-29 23:45:00,0.22466,0.22499,0.22499,0.22466,127.26726873
2017-05-30 00:00:00,0.22405,0.22386,0.22416,0.22386,4539.698820000001
2017-05-30 00:15:00,0.22435,0.22177,0.22436,0.21969,34068.77644546
2017-05-30 00:30:00,0.22176,0.22494,0.22673,0.22105,75540.09342532
2017-05-30 00:45:00,0.22352,0.22528,0.22528,0.22352,153.82560947
2017-05-30 01:00:00,0.22323,0.22566,0.22594,0.22323,3.00106291
2017-05-30 01:15:00,0.22532,0.22579,0.22629,0.22515,2083.5
2017-05-30 01:30:00,0.22498,0.22508,0.22508,0.22376,600.92026549
2017-05-30 01:45:00,0.22511,0.2246,0.22511,0.224,11032.001451699998
2017-05-30 02:00:00,0.2246,0.22566,0.22566,0.2246,17961.55644866
2017-05-30 02:15:00,0.22577,0.22578,0.22578,0.22577,100.0
2017-05-30 02:30:00,0.224,0.2247,0.22484,0.224,8668.27202872
2017-05-30 02:45:00,0.2263,0.22859,0.22896,0.2263,55110.78767155
2017-05-30 03:00:00,0.22835,0.22944,0.22944,0.22835,9490.96668787
2017-05-30 03:15:00,0.22924,0.2295,0.2295,0.22801,10609.06729281
2017-05-30 03:30:00,0.2295,0.22784,0.23128,0.22784,4159.48748496
2017-05-30 03:45:00,0.22899,0.22662,0.22981,0.22662,3243.52420948
